Symbol,     Date,            Expiry,        Open,         High,          Low,         Close,           LTP,             Settle Price,       No. of contracts ,    Turnover Lakhs,             Open Int,               Change in OI,         Underlying Value  
TCS,     21-Sep-2023,     28-Sep-2023,      3596.00,      3607.60,      3531.05,      3587.20,      3588.70            ,3587.20             ,15805.00            ,98623.74                 ,8924825.00              ,-492275.00              ,3585.30
TCS,     21-Sep-2023,     26-Oct-2023,      3612.05,      3623.90,      3547.05,      3601.65,      3603.00            ,3601.65             ,3827.00             ,23954.03                 ,876225.00               ,212275.00               ,3585.30
TCS,     21-Sep-2023,     30-Nov-2023,      3638.00,      3638.00,      3570.00,      3625.45,      3625.00            ,3625.45             ,125.00              ,787.47                   ,41300.00                ,5250.00                 ,3585.30
TCS,     22-Sep-2023,     28-Sep-2023,      3581.05,      3633.65,      3565.20,      3604.40,      3607.05            ,3604.40             ,12493.00            ,78809.67                 ,8644300.00              ,-280525.00              ,3603.65
TCS,     22-Sep-2023,     26-Oct-2023,      3592.00,      3648.00,      3584.95,      3620.35,      3623.85            ,3620.35             ,4165.00             ,26391.98                 ,1092700.00              ,216475.00               ,3603.65
TCS,     22-Sep-2023,     30-Nov-2023,      3619.80,      3668.90,      3617.00,      3647.40,      3647.25            ,3647.40             ,82.00               ,522.91                   ,44800.00                ,3500.00                 ,3603.65
TCS,     25-Sep-2023,     28-Sep-2023,      3612.45,      3612.45,      3563.50,      3575.45,      3573.50            ,3575.45             ,19395.00            ,121549.89                ,7228725.00              ,-1415575.00             ,3577.15
TCS,     25-Sep-2023,     26-Oct-2023,      3624.00,      3624.00,      3579.10,      3588.60,      3587.00            ,3588.60             ,14035.00            ,88322.55                 ,2637075.00              ,1544375.00              ,3577.15
TCS,     25-Sep-2023,     30-Nov-2023,      3647.35,      3647.35,      3605.00,      3611.40,      3613.00            ,3611.40             ,1752.00             ,11071.22                 ,342125.00               ,297325.00               ,3577.15
TCS,     26-Sep-2023,     28-Sep-2023,      3572.50,      3588.00,      3542.30,      3582.70,      3585.65            ,3582.70             ,23463.00            ,146269.26                ,4797800.00              ,-2430925.00             ,3585.70
TCS,     26-Sep-2023,     26-Oct-2023,      3587.00,      3602.65,      3557.20,      3596.45,      3601.25            ,3596.45             ,17121.00            ,107149.30                ,4145050.00              ,1507975.00              ,3585.70
TCS,     26-Sep-2023,     30-Nov-2023,      3597.15,      3625.00,      3583.00,      3619.60,      3625.00            ,3619.60             ,4255.00             ,26834.93                 ,1073975.00              ,731850.00               ,3585.70
TCS,     27-Sep-2023,     28-Sep-2023,      3578.65,      3612.95,      3557.55,      3588.80,      3588.30            ,3588.80             ,13295.00            ,83443.26                 ,3672375.00              ,-1125425.00             ,3589.30
TCS,     27-Sep-2023,     26-Oct-2023,      3597.50,      3627.00,      3572.10,      3602.35,      3601.70            ,3602.35             ,13858.00            ,87340.60                 ,5536300.00              ,1391250.00              ,3589.30
TCS,     27-Sep-2023,     30-Nov-2023,      3615.00,      3649.80,      3596.00,      3625.55,      3626.50            ,3625.55             ,509.00              ,3231.82                  ,1142575.00              ,68600.00                ,3589.30
TCS,     28-Sep-2023,     28-Sep-2023,      3592.05,      3595.85,      3531.35,      3539.25,      3548.00            ,3536.75             ,19862.00            ,123603.72                ,1512175.00              ,-2160200.00             ,3536.75
TCS,     28-Sep-2023,     26-Oct-2023,      3595.20,      3608.95,      3537.05,      3547.70,      3557.00            ,3547.70             ,30691.00            ,191480.84                ,8144850.00              ,2608550.00              ,3536.75
TCS,     28-Sep-2023,     30-Nov-2023,      3628.70,      3634.80,      3560.25,      3568.95,      3579.60            ,3568.95             ,232.00              ,1460.71                  ,1159025.00              ,16450.00                ,3536.75
TCS,     29-Sep-2023,     26-Oct-2023,      3537.00,      3563.30,      3501.15,      3527.70,      3529.50            ,3527.70             ,12907.00            ,79795.98                 ,8082900.00              ,-61950.00               ,3528.60
TCS,     29-Sep-2023,     30-Nov-2023,      3553.50,      3582.00,      3527.00,      3550.60,      3548.45            ,3550.60             ,290.00              ,1801.94                  ,1168300.00              ,9275.00                 ,3528.60
TCS,     29-Sep-2023,     28-Dec-2023,      3594.35,      3609.95,      3551.00,      3581.00,      3581.00            ,3591.80             ,13.00               ,81.47                    ,1575.00                 ,1575.00                 ,3528.60
TCS,     03-Oct-2023,     26-Oct-2023,      3524.00,      3529.00,      3487.00,      3508.80,      3507.75            ,3508.80             ,10883.00            ,66788.54                 ,8299025.00              ,216125.00               ,3513.85
TCS,     03-Oct-2023,     30-Nov-2023,      3542.15,      3548.45,      3511.00,      3530.70,      3527.45            ,3530.70             ,262.00              ,1617.25                  ,1178100.00              ,9800.00                 ,3513.85
TCS,     03-Oct-2023,     28-Dec-2023,      3581.00,      3581.00,      3538.00,      3549.55,      3549.55            ,3549.55             ,20.00               ,124.27                   ,3150.00                 ,1575.00                 ,3513.85
TCS,     04-Oct-2023,     26-Oct-2023,      3487.00,      3558.00,      3480.60,      3546.60,      3554.95            ,3546.60             ,18329.00            ,112755.17                ,8810025.00              ,511000.00               ,3537.75
TCS,     04-Oct-2023,     30-Nov-2023,      3516.10,      3582.65,      3501.05,      3572.60,      3582.35            ,3572.60             ,401.00              ,2483.92                  ,1200675.00              ,22575.00                ,3537.75
TCS,     04-Oct-2023,     28-Dec-2023,      3540.00,      3591.25,      3530.00,      3590.85,      3591.00            ,3590.85             ,18.00               ,112.01                   ,4025.00                 ,875.00                  ,3537.75
TCS,     05-Oct-2023,     26-Oct-2023,      3565.00,      3629.60,      3556.05,      3597.05,      3600.10            ,3597.05             ,27639.00            ,173800.64                ,8542975.00              ,-267050.00              ,3589.35
TCS,     05-Oct-2023,     30-Nov-2023,      3594.35,      3653.95,      3580.25,      3620.60,      3626.00            ,3620.60             ,613.00              ,3882.92                  ,1227625.00              ,26950.00                ,3589.35
TCS,     05-Oct-2023,     28-Dec-2023,      3610.00,      3674.00,      3595.75,      3642.80,      3645.85            ,3642.80             ,53.00               ,337.45                   ,8225.00                 ,4200.00                 ,3589.35
TCS,     06-Oct-2023,     26-Oct-2023,      3608.75,      3643.40,      3583.40,      3630.30,      3633.00            ,3630.30             ,20578.00            ,130195.02                ,9306325.00              ,763350.00               ,3621.40
TCS,     06-Oct-2023,     30-Nov-2023,      3622.95,      3667.15,      3610.00,      3652.95,      3652.75            ,3652.95             ,1030.00             ,6557.39                  ,1313550.00              ,85925.00                ,3621.40
TCS,     06-Oct-2023,     28-Dec-2023,      3642.80,      3688.00,      3632.30,      3676.65,      3671.20            ,3676.65             ,45.00               ,288.35                   ,11375.00                ,3150.00                 ,3621.40
TCS,     09-Oct-2023,     26-Oct-2023,      3655.15,      3674.95,      3607.95,      3628.55,      3623.05            ,3628.55             ,36467.00            ,232680.63                ,9388050.00              ,81725.00                ,3638.35
TCS,     09-Oct-2023,     30-Nov-2023,      3668.40,      3695.00,      3644.00,      3650.60,      3647.00            ,3650.60             ,1964.00             ,12603.68                 ,1379700.00              ,66150.00                ,3638.35
TCS,     09-Oct-2023,     28-Dec-2023,      3692.00,      3714.00,      3650.00,      3669.50,      3667.30            ,3669.50             ,156.00              ,1006.68                  ,18025.00                ,6650.00                 ,3638.35
TCS,     10-Oct-2023,     26-Oct-2023,      3633.45,      3637.95,      3603.10,      3622.85,      3622.55            ,3622.85             ,14711.00            ,93205.76                 ,9593325.00              ,205275.00               ,3628.90
TCS,     10-Oct-2023,     30-Nov-2023,      3654.55,      3657.80,      3625.55,      3643.80,      3644.75            ,3643.80             ,828.00              ,5276.06                  ,1415050.00              ,35350.00                ,3628.90
TCS,     10-Oct-2023,     28-Dec-2023,      3671.00,      3676.40,      3647.20,      3665.30,      3664.00            ,3665.30             ,76.00               ,487.26                   ,22050.00                ,4025.00                 ,3628.90
TCS,     11-Oct-2023,     26-Oct-2023,      3630.00,      3647.00,      3602.00,      3615.35,      3618.40            ,3615.35             ,23311.00            ,147928.77                ,9318925.00              ,-274400.00              ,3609.90
TCS,     11-Oct-2023,     30-Nov-2023,      3658.00,      3666.15,      3624.85,      3634.65,      3636.85            ,3634.65             ,2192.00             ,13985.71                 ,1631175.00              ,216125.00               ,3609.90
TCS,     11-Oct-2023,     28-Dec-2023,      3671.50,      3685.15,      3650.00,      3656.65,      3656.60            ,3656.65             ,88.00               ,564.90                   ,26950.00                ,4900.00                 ,3609.90
TCS,     12-Oct-2023,     26-Oct-2023,      3570.00,      3589.00,      3533.80,      3540.25,      3538.00            ,3540.25             ,39731.00            ,247312.89                ,10768100.00             ,1449175.00              ,3542.55
TCS,     12-Oct-2023,     30-Nov-2023,      3605.00,      3610.60,      3557.95,      3563.30,      3561.00            ,3563.30             ,3393.00             ,21253.62                 ,1846950.00              ,215775.00               ,3542.55
TCS,     12-Oct-2023,     28-Dec-2023,      3644.00,      3644.00,      3581.00,      3585.75,      3586.00            ,3585.75             ,250.00              ,1575.61                  ,49350.00                ,22400.00                ,3542.55
TCS,     13-Oct-2023,     26-Oct-2023,      3524.00,      3571.35,      3520.55,      3563.65,      3563.10            ,3563.65             ,19076.00            ,118718.57                ,9966250.00              ,-801850.00              ,3570.85
TCS,     13-Oct-2023,     30-Nov-2023,      3552.90,      3595.00,      3546.25,      3587.05,      3588.00            ,3587.05             ,1366.00             ,8560.83                  ,1819475.00              ,-27475.00               ,3570.85
TCS,     13-Oct-2023,     28-Dec-2023,      3575.00,      3615.60,      3575.00,      3609.45,      3608.45            ,3609.45             ,107.00              ,674.42                   ,52325.00                ,2975.00                 ,3570.85
TCS,     16-Oct-2023,     26-Oct-2023,      3559.95,      3570.95,      3520.10,      3524.95,      3521.00            ,3524.95             ,10011.00            ,62017.89                 ,10190075.00             ,223825.00               ,3524.05
TCS,     16-Oct-2023,     30-Nov-2023,      3588.00,      3593.60,      3543.50,      3548.95,      3545.05            ,3548.95             ,2027.00             ,12633.18                 ,1988350.00              ,168875.00               ,3524.05
TCS,     16-Oct-2023,     28-Dec-2023,      3610.00,      3615.00,      3568.00,      3571.85,      3569.40            ,3571.85             ,116.00              ,727.41                   ,62125.00                ,9800.00                 ,3524.05
TCS,     17-Oct-2023,     26-Oct-2023,      3525.00,      3532.90,      3506.05,      3509.40,      3510.85            ,3509.40             ,9892.00             ,60926.30                 ,10198825.00             ,8750.00                 ,3507.05
TCS,     17-Oct-2023,     30-Nov-2023,      3549.75,      3555.15,      3528.15,      3531.50,      3532.50            ,3531.50             ,3386.00             ,20985.85                 ,2318225.00              ,329875.00               ,3507.05
TCS,     17-Oct-2023,     28-Dec-2023,      3568.00,      3576.95,      3551.75,      3555.50,      3555.25            ,3555.50             ,120.00              ,748.55                   ,69125.00                ,7000.00                 ,3507.05
TCS,     18-Oct-2023,     26-Oct-2023,      3510.00,      3523.45,      3484.50,      3488.55,      3489.75            ,3488.55             ,10241.00            ,62783.70                 ,9824325.00              ,-374500.00              ,3487.25
TCS,     18-Oct-2023,     30-Nov-2023,      3538.00,      3546.00,      3508.25,      3511.35,      3513.80            ,3511.35             ,2782.00             ,17151.22                 ,2525950.00              ,207725.00               ,3487.25
TCS,     18-Oct-2023,     28-Dec-2023,      3555.55,      3565.00,      3532.00,      3536.45,      3535.05            ,3536.45             ,91.00               ,564.27                   ,76825.00                ,7700.00                 ,3487.25
TCS,     19-Oct-2023,     26-Oct-2023,      3475.20,      3479.95,      3456.70,      3461.50,      3460.55            ,3461.50             ,10656.00            ,64659.92                 ,9337650.00              ,-486675.00              ,3455.65
TCS,     19-Oct-2023,     30-Nov-2023,      3502.55,      3502.90,      3481.35,      3485.80,      3484.65            ,3485.80             ,3840.00             ,23463.42                 ,2858450.00              ,332500.00               ,3455.65
TCS,     19-Oct-2023,     28-Dec-2023,      3528.00,      3528.00,      3506.00,      3509.15,      3508.00            ,3509.15             ,128.00              ,787.27                   ,85575.00                ,8750.00                 ,3455.65
TCS,     20-Oct-2023,     26-Oct-2023,      3452.25,      3499.00,      3447.15,      3490.20,      3489.90            ,3490.20             ,19038.00            ,116030.45                ,7693700.00              ,-1643950.00             ,3494.55
TCS,     20-Oct-2023,     30-Nov-2023,      3464.65,      3521.50,      3464.65,      3512.45,      3511.10            ,3512.45             ,11529.00            ,70735.32                 ,3993500.00              ,1135050.00              ,3494.55
TCS,     20-Oct-2023,     28-Dec-2023,      3498.50,      3543.10,      3498.50,      3536.80,      3535.75            ,3536.80             ,162.00              ,1000.34                  ,89600.00                ,4025.00                 ,3494.55
TCS,     23-Oct-2023,     26-Oct-2023,      3484.75,      3484.75,      3406.25,      3413.90,      3411.00            ,3413.90             ,26052.00            ,157200.63                ,5297075.00              ,-2396625.00             ,3410.15
TCS,     23-Oct-2023,     30-Nov-2023,      3519.55,      3519.55,      3427.95,      3433.70,      3432.00            ,3433.70             ,23066.00            ,140003.35                ,6408500.00              ,2415000.00              ,3410.15
TCS,     23-Oct-2023,     28-Dec-2023,      3525.00,      3525.00,      3451.05,      3455.35,      3451.05            ,3455.35             ,281.00              ,1715.58                  ,111475.00               ,21875.00                ,3410.15
TCS,     25-Oct-2023,     26-Oct-2023,      3406.90,      3428.80,      3379.30,      3388.95,      3389.95            ,3388.95             ,17023.00            ,101366.33                ,3469025.00              ,-1828050.00             ,3390.10
TCS,     25-Oct-2023,     30-Nov-2023,      3435.00,      3449.65,      3402.00,      3410.45,      3409.95            ,3410.45             ,19556.00            ,117168.34                ,8225525.00              ,1817025.00              ,3390.10
TCS,     25-Oct-2023,     28-Dec-2023,      3465.70,      3472.45,      3423.80,      3433.90,      3432.95            ,3433.90             ,303.00              ,1826.69                  ,136150.00               ,24675.00                ,3390.10
TCS,     26-Oct-2023,     26-Oct-2023,      3376.60,      3376.60,      3312.20,      3334.15,      3312.20            ,3336.75             ,25695.00            ,150416.40                ,856625.00               ,-2612400.00             ,3336.75
TCS,     26-Oct-2023,     30-Nov-2023,      3391.05,      3395.55,      3337.80,      3353.20,      3342.00            ,3353.20             ,32087.00            ,188869.10                ,10809750.00             ,2584225.00              ,3336.75
TCS,     26-Oct-2023,     28-Dec-2023,      3407.00,      3410.20,      3361.05,      3373.80,      3361.05            ,3373.80             ,583.00              ,3457.11                  ,183925.00               ,47775.00                ,3336.75
TCS,     27-Oct-2023,     30-Nov-2023,      3342.00,      3381.95,      3341.00,      3373.00,      3375.00            ,3373.00             ,7971.00             ,47013.40                 ,10832325.00             ,22575.00                ,3350.95
TCS,     27-Oct-2023,     28-Dec-2023,      3371.40,      3402.90,      3371.40,      3393.70,      3395.95            ,3393.70             ,362.00              ,2149.60                  ,198275.00               ,14350.00                ,3350.95
TCS,     27-Oct-2023,     25-Jan-2024,      3396.95,      3408.35,      3394.15,      3405.75,      3404.50            ,3405.75             ,35.00               ,208.40                   ,3500.00                 ,3500.00                 ,3350.95
TCS,     30-Oct-2023,     30-Nov-2023,      3370.00,      3401.50,      3350.25,      3396.15,      3397.00            ,3396.15             ,6846.00             ,40547.29                 ,10844575.00             ,12250.00                ,3378.55
TCS,     30-Oct-2023,     28-Dec-2023,      3380.50,      3421.00,      3373.60,      3415.85,      3417.00            ,3415.85             ,293.00              ,1746.87                  ,201775.00               ,3500.00                 ,3378.55
TCS,     30-Oct-2023,     25-Jan-2024,      3400.00,      3430.00,      3400.00,      3425.30,      3425.30            ,3433.35             ,13.00               ,77.74                    ,4725.00                 ,1225.00                 ,3378.55
TCS,     31-Oct-2023,     30-Nov-2023,      3406.10,      3408.95,      3366.40,      3387.55,      3388.00            ,3387.55             ,8038.00             ,47575.87                 ,10768275.00             ,-76300.00               ,3368.75
TCS,     31-Oct-2023,     28-Dec-2023,      3421.85,      3421.85,      3387.15,      3406.25,      3410.00            ,3406.25             ,428.00              ,2545.68                  ,238875.00               ,37100.00                ,3368.75
TCS,     31-Oct-2023,     25-Jan-2024,      3418.30,      3418.30,      3400.00,      3400.00,      3400.00            ,3422.75             ,8.00                ,47.73                    ,5425.00                 ,700.00                  ,3368.75
TCS,     01-Nov-2023,     30-Nov-2023,      3382.30,      3392.75,      3331.90,      3351.90,      3333.15            ,3351.90             ,9165.00             ,54036.35                 ,11401075.00             ,632800.00               ,3330.65
TCS,     01-Nov-2023,     28-Dec-2023,      3395.00,      3413.00,      3354.05,      3370.70,      3354.05            ,3370.70             ,541.00              ,3204.82                  ,280525.00               ,41650.00                ,3330.65
TCS,     01-Nov-2023,     25-Jan-2024,      3413.55,      3417.05,      3377.10,      3383.45,      3377.10            ,3383.45             ,41.00               ,243.67                   ,7875.00                 ,2450.00                 ,3330.65
TCS,     02-Nov-2023,     30-Nov-2023,      3365.00,      3394.00,      3360.00,      3382.55,      3387.90            ,3382.55             ,10418.00            ,61692.08                 ,11405450.00             ,4375.00                 ,3360.10
TCS,     02-Nov-2023,     28-Dec-2023,      3382.65,      3411.65,      3382.60,      3401.65,      3405.00            ,3401.65             ,388.00              ,2310.22                  ,287000.00               ,6475.00                 ,3360.10
TCS,     02-Nov-2023,     25-Jan-2024,      3420.00,      3422.50,      3403.50,      3414.50,      3415.05            ,3414.50             ,18.00               ,107.60                   ,7175.00                 ,-700.00                 ,3360.10
TCS,     03-Nov-2023,     30-Nov-2023,      3390.00,      3402.70,      3366.70,      3371.25,      3372.25            ,3371.25             ,7544.00             ,44689.10                 ,11642925.00             ,237475.00               ,3350.90
TCS,     03-Nov-2023,     28-Dec-2023,      3419.70,      3420.65,      3387.00,      3389.45,      3388.60            ,3389.45             ,323.00              ,1923.17                  ,295925.00               ,8925.00                 ,3350.90
TCS,     03-Nov-2023,     25-Jan-2024,      3432.80,      3432.80,      3400.00,      3403.00,      3403.00            ,3403.00             ,34.00               ,203.12                   ,12250.00                ,5075.00                 ,3350.90
TCS,     06-Nov-2023,     30-Nov-2023,      3386.20,      3406.85,      3377.25,      3400.05,      3406.00            ,3400.05             ,7284.00             ,43260.21                 ,11822650.00             ,179725.00               ,3380.25
TCS,     06-Nov-2023,     28-Dec-2023,      3403.10,      3424.95,      3400.00,      3419.20,      3422.80            ,3419.20             ,280.00              ,1671.94                  ,301350.00               ,5425.00                 ,3380.25
TCS,     06-Nov-2023,     25-Jan-2024,      3410.00,      3434.25,      3410.00,      3431.80,      3434.25            ,3431.80             ,30.00               ,179.54                   ,12950.00                ,700.00                  ,3380.25
TCS,     07-Nov-2023,     30-Nov-2023,      3395.10,      3420.75,      3383.60,      3388.15,      3388.70            ,3388.15             ,8458.00             ,50311.63                 ,12013925.00             ,191275.00               ,3370.45
TCS,     07-Nov-2023,     28-Dec-2023,      3414.85,      3438.10,      3403.65,      3407.85,      3408.40            ,3407.85             ,362.00              ,2167.22                  ,314825.00               ,13475.00                ,3370.45
TCS,     07-Nov-2023,     25-Jan-2024,      3430.95,      3446.50,      3415.05,      3421.00,      3421.00            ,3421.00             ,37.00               ,222.29                   ,16100.00                ,3150.00                 ,3370.45
TCS,     08-Nov-2023,     30-Nov-2023,      3393.90,      3412.70,      3389.05,      3394.60,      3393.85            ,3394.60             ,5812.00             ,34597.45                 ,12036150.00             ,22225.00                ,3381.55
TCS,     08-Nov-2023,     28-Dec-2023,      3414.50,      3431.10,      3408.55,      3413.60,      3411.35            ,3413.60             ,263.00              ,1574.59                  ,323225.00               ,8400.00                 ,3381.55
TCS,     08-Nov-2023,     25-Jan-2024,      3422.00,      3441.15,      3422.00,      3425.00,      3425.00            ,3430.70             ,12.00               ,72.11                    ,15925.00                ,-175.00                 ,3381.55
TCS,     09-Nov-2023,     30-Nov-2023,      3400.65,      3404.35,      3359.10,      3364.50,      3365.50            ,3364.50             ,10384.00            ,61387.07                 ,12590025.00             ,553875.00               ,3347.45
TCS,     09-Nov-2023,     28-Dec-2023,      3410.00,      3421.40,      3380.55,      3384.00,      3387.95            ,3384.00             ,544.00              ,3230.93                  ,365750.00               ,42525.00                ,3347.45
TCS,     09-Nov-2023,     25-Jan-2024,      3424.00,      3426.20,      3396.00,      3397.60,      3398.00            ,3397.60             ,36.00               ,214.69                   ,18375.00                ,2450.00                 ,3347.45
TCS,     10-Nov-2023,     30-Nov-2023,      3349.00,      3361.00,      3337.75,      3347.15,      3351.70            ,3347.15             ,8353.00             ,48918.34                 ,12880350.00             ,290325.00               ,3333.45
TCS,     10-Nov-2023,     28-Dec-2023,      3374.00,      3378.80,      3357.50,      3367.35,      3373.00            ,3367.35             ,801.00              ,4718.23                  ,423500.00               ,57750.00                ,3333.45
TCS,     10-Nov-2023,     25-Jan-2024,      3380.00,      3390.50,      3373.55,      3373.55,      3373.55            ,3380.50             ,53.00               ,313.57                   ,25200.00                ,6825.00                 ,3333.45
TCS,     12-Nov-2023,     30-Nov-2023,      3362.50,      3365.75,      3357.35,      3364.20,      3365.75            ,3364.20             ,1413.00             ,8315.26                  ,12819100.00             ,-61250.00               ,3357.30
TCS,     12-Nov-2023,     28-Dec-2023,      3383.50,      3385.90,      3377.35,      3383.95,      3384.10            ,3383.95             ,115.00              ,680.79                   ,425600.00               ,2100.00                 ,3357.30
TCS,     12-Nov-2023,     25-Jan-2024,      3393.70,      3397.55,      3393.70,      3396.45,      3396.70            ,3396.45             ,11.00               ,65.37                    ,24850.00                ,-350.00                 ,3357.30
TCS,     13-Nov-2023,     30-Nov-2023,      3364.00,      3364.50,      3340.50,      3344.50,      3343.70            ,3344.50             ,4903.00             ,28721.96                 ,13097350.00             ,278250.00               ,3331.55
TCS,     13-Nov-2023,     28-Dec-2023,      3382.00,      3384.25,      3360.05,      3364.00,      3362.90            ,3364.00             ,642.00              ,3783.21                  ,470750.00               ,45150.00                ,3331.55
TCS,     13-Nov-2023,     25-Jan-2024,      3390.00,      3390.00,      3374.80,      3374.80,      3374.80            ,3374.80             ,34.00               ,201.10                   ,29050.00                ,4200.00                 ,3331.55
TCS,     15-Nov-2023,     30-Nov-2023,      3418.00,      3418.00,      3372.55,      3411.20,      3412.45            ,3411.20             ,15823.00            ,94090.63                 ,12902400.00             ,-194950.00              ,3404.30
TCS,     15-Nov-2023,     28-Dec-2023,      3387.75,      3436.10,      3387.70,      3430.45,      3433.00            ,3430.45             ,1201.00             ,7182.71                  ,500850.00               ,30100.00                ,3404.30
TCS,     15-Nov-2023,     25-Jan-2024,      3396.90,      3447.80,      3396.90,      3443.45,      3446.55            ,3443.45             ,108.00              ,648.63                   ,26775.00                ,-2275.00                ,3404.30
TCS,     16-Nov-2023,     30-Nov-2023,      3429.00,      3527.40,      3418.10,      3503.75,      3505.95            ,3503.75             ,33851.00            ,206548.43                ,12185075.00             ,-717325.00              ,3497.85
TCS,     16-Nov-2023,     28-Dec-2023,      3450.05,      3544.70,      3438.00,      3522.30,      3525.25            ,3522.30             ,2731.00             ,16754.84                 ,556850.00               ,56000.00                ,3497.85
TCS,     16-Nov-2023,     25-Jan-2024,      3449.00,      3556.80,      3449.00,      3533.30,      3538.00            ,3533.30             ,185.00              ,1137.96                  ,28350.00                ,1575.00                 ,3497.85
TCS,     17-Nov-2023,     30-Nov-2023,      3505.95,      3525.15,      3495.50,      3510.55,      3508.95            ,3510.55             ,10428.00            ,64115.30                 ,12130825.00             ,-54250.00               ,3502.45
TCS,     17-Nov-2023,     28-Dec-2023,      3528.00,      3544.00,      3515.55,      3528.80,      3527.60            ,3528.80             ,1241.00             ,7671.37                  ,575225.00               ,18375.00                ,3502.45
TCS,     17-Nov-2023,     25-Jan-2024,      3547.65,      3556.20,      3532.00,      3541.30,      3540.70            ,3541.30             ,98.00               ,608.23                   ,33950.00                ,5600.00                 ,3502.45
TCS,     20-Nov-2023,     30-Nov-2023,      3511.90,      3535.00,      3500.30,      3521.15,      3521.30            ,3521.15             ,10463.00            ,64491.97                 ,11856250.00             ,-274575.00              ,3519.60
TCS,     20-Nov-2023,     28-Dec-2023,      3528.15,      3553.50,      3526.80,      3539.85,      3541.05            ,3539.85             ,1893.00             ,11730.79                 ,721700.00               ,146475.00               ,3519.60
TCS,     20-Nov-2023,     25-Jan-2024,      3554.05,      3564.00,      3543.85,      3553.10,      3554.00            ,3553.10             ,64.00               ,398.06                   ,34825.00                ,875.00                  ,3519.60
TCS,     21-Nov-2023,     30-Nov-2023,      3522.35,      3540.80,      3505.55,      3511.90,      3511.00            ,3511.90             ,10980.00            ,67790.44                 ,11531450.00             ,-324800.00              ,3510.20
TCS,     21-Nov-2023,     28-Dec-2023,      3547.70,      3559.00,      3526.25,      3532.30,      3531.35            ,3532.30             ,2491.00             ,15458.98                 ,887950.00               ,166250.00               ,3510.20
TCS,     21-Nov-2023,     25-Jan-2024,      3564.00,      3571.75,      3541.00,      3547.55,      3541.00            ,3547.55             ,89.00               ,554.70                   ,37975.00                ,3150.00                 ,3510.20
TCS,     22-Nov-2023,     30-Nov-2023,      3499.90,      3532.75,      3482.25,      3530.55,      3530.30            ,3530.55             ,14615.00            ,89781.77                 ,11303425.00             ,-228025.00              ,3530.15
TCS,     22-Nov-2023,     28-Dec-2023,      3524.90,      3552.00,      3500.00,      3549.75,      3548.15            ,3549.75             ,3947.00             ,24389.99                 ,1210300.00              ,322350.00               ,3530.15
TCS,     22-Nov-2023,     25-Jan-2024,      3521.00,      3565.30,      3514.35,      3562.85,      3560.25            ,3562.85             ,134.00              ,830.63                   ,40950.00                ,2975.00                 ,3530.15
TCS,     23-Nov-2023,     30-Nov-2023,      3526.25,      3542.90,      3500.55,      3506.90,      3505.00            ,3506.90             ,14571.00            ,89689.49                 ,10470600.00             ,-832825.00              ,3508.25
TCS,     23-Nov-2023,     28-Dec-2023,      3544.75,      3561.95,      3521.55,      3527.45,      3526.00            ,3527.45             ,5414.00             ,33505.94                 ,1742125.00              ,531825.00               ,3508.25
TCS,     23-Nov-2023,     25-Jan-2024,      3560.20,      3576.30,      3534.60,      3540.75,      3540.15            ,3540.75             ,120.00              ,746.31                   ,49875.00                ,8925.00                 ,3508.25
TCS,     24-Nov-2023,     30-Nov-2023,      3499.00,      3509.45,      3460.10,      3464.75,      3462.25            ,3464.75             ,18853.00            ,115011.85                ,9003400.00              ,-1467200.00             ,3457.10
TCS,     24-Nov-2023,     28-Dec-2023,      3521.80,      3530.00,      3480.55,      3483.60,      3481.60            ,3483.60             ,14401.00            ,88328.92                 ,3373650.00              ,1631525.00              ,3457.10
TCS,     24-Nov-2023,     25-Jan-2024,      3529.10,      3542.45,      3495.25,      3498.95,      3497.00            ,3498.95             ,218.00              ,1339.62                  ,72800.00                ,22925.00                ,3457.10
TCS,     28-Nov-2023,     30-Nov-2023,      3464.45,      3478.65,      3437.75,      3468.20,      3478.50            ,3468.20             ,23491.00            ,142042.29                ,6037150.00              ,-2966250.00             ,3470.15
TCS,     28-Nov-2023,     28-Dec-2023,      3481.60,      3498.70,      3458.00,      3487.30,      3497.60            ,3487.30             ,23840.00            ,144948.08                ,6406925.00              ,3033275.00              ,3470.15
TCS,     28-Nov-2023,     25-Jan-2024,      3490.00,      3515.90,      3475.00,      3508.95,      3515.90            ,3508.95             ,337.00              ,2057.46                  ,99750.00                ,26950.00                ,3470.15
TCS,     29-Nov-2023,     30-Nov-2023,      3476.50,      3514.10,      3474.20,      3510.65,      3510.95            ,3510.65             ,23033.00            ,141226.13                ,2951900.00              ,-3085250.00             ,3513.75
TCS,     29-Nov-2023,     28-Dec-2023,      3478.40,      3535.75,      3478.40,      3532.20,      3531.65            ,3532.20             ,25371.00            ,156499.71                ,9516850.00              ,3109925.00              ,3513.75
TCS,     29-Nov-2023,     25-Jan-2024,      3514.20,      3552.00,      3514.20,      3548.40,      3550.00            ,3548.40             ,358.00              ,2218.97                  ,130200.00               ,30450.00                ,3513.75
TCS,     30-Nov-2023,     30-Nov-2023,      3499.00,      3510.45,      3416.70,      3490.60,      3481.00            ,3487.65             ,20353.00            ,124472.25                ,374150.00               ,-2577750.00             ,3487.60
TCS,     30-Nov-2023,     28-Dec-2023,      3531.65,      3533.15,      3508.90,      3514.25,      3513.15            ,3514.25             ,28357.00            ,174562.15                ,11985750.00             ,2468900.00              ,3487.60
TCS,     30-Nov-2023,     25-Jan-2024,      3552.00,      3552.00,      3526.45,      3532.85,      3530.70            ,3532.85             ,320.00              ,1980.19                  ,165375.00               ,35175.00                ,3487.60
TCS,     01-Dec-2023,     28-Dec-2023,      3513.95,      3532.00,      3506.15,      3528.05,      3527.70            ,3528.05             ,8662.00             ,53342.02                 ,11882325.00             ,-103425.00              ,3511.65
TCS,     01-Dec-2023,     25-Jan-2024,      3535.35,      3548.00,      3524.90,      3544.40,      3545.45            ,3544.40             ,265.00              ,1639.45                  ,170800.00               ,5425.00                 ,3511.65
TCS,     01-Dec-2023,     29-Feb-2024,      3552.00,      3573.70,      3532.35,      3567.50,      3573.70            ,3567.50             ,12.00               ,74.69                    ,1750.00                 ,1750.00                 ,3511.65
TCS,     04-Dec-2023,     28-Dec-2023,      3547.45,      3558.05,      3525.25,      3533.60,      3536.75            ,3533.60             ,11044.00            ,68399.14                 ,11739350.00             ,-142975.00              ,3512.45
TCS,     04-Dec-2023,     25-Jan-2024,      3549.00,      3578.50,      3543.10,      3551.95,      3557.40            ,3551.95             ,346.00              ,2153.74                  ,187250.00               ,16450.00                ,3512.45
TCS,     04-Dec-2023,     29-Feb-2024,      3573.75,      3589.90,      3566.90,      3573.60,      3577.00            ,3573.60             ,42.00               ,262.84                   ,5775.00                 ,4025.00                 ,3512.45
TCS,     05-Dec-2023,     28-Dec-2023,      3545.60,      3548.40,      3515.05,      3543.60,      3545.05            ,3543.60             ,8550.00             ,52818.90                 ,11608975.00             ,-130375.00              ,3531.60
TCS,     05-Dec-2023,     25-Jan-2024,      3560.00,      3563.00,      3532.60,      3558.95,      3560.10            ,3558.95             ,335.00              ,2079.03                  ,191625.00               ,4375.00                 ,3531.60
TCS,     05-Dec-2023,     29-Feb-2024,      3565.45,      3585.00,      3558.00,      3585.00,      3585.00            ,3585.00             ,20.00               ,124.91                   ,7525.00                 ,1750.00                 ,3531.60
TCS,     06-Dec-2023,     28-Dec-2023,      3546.40,      3634.90,      3545.00,      3627.00,      3627.50            ,3627.00             ,19049.00            ,119858.21                ,11641525.00             ,32550.00                ,3604.10
TCS,     06-Dec-2023,     25-Jan-2024,      3574.00,      3650.00,      3561.40,      3645.25,      3645.45            ,3645.25             ,925.00              ,5838.88                  ,185675.00               ,-5950.00                ,3604.10
TCS,     06-Dec-2023,     29-Feb-2024,      3595.00,      3673.25,      3590.00,      3665.45,      3667.00            ,3665.45             ,75.00               ,477.51                   ,11725.00                ,4200.00                 ,3604.10
TCS,     07-Dec-2023,     28-Dec-2023,      3626.90,      3643.55,      3607.30,      3630.70,      3633.00            ,3630.70             ,12575.00            ,79886.43                 ,11440975.00             ,-200550.00              ,3614.90
TCS,     07-Dec-2023,     25-Jan-2024,      3642.30,      3659.50,      3625.00,      3646.30,      3649.20            ,3646.30             ,365.00              ,2329.15                  ,187425.00               ,1750.00                 ,3614.90
TCS,     07-Dec-2023,     29-Feb-2024,      3659.20,      3680.50,      3653.05,      3674.10,      3674.10            ,3671.55             ,36.00               ,231.08                   ,12075.00                ,350.00                  ,3614.90
TCS,     08-Dec-2023,     28-Dec-2023,      3643.75,      3662.05,      3621.75,      3644.45,      3643.90            ,3644.45             ,10692.00            ,68131.49                 ,11373775.00             ,-67200.00               ,3626.70
TCS,     08-Dec-2023,     25-Jan-2024,      3655.00,      3678.00,      3639.45,      3662.10,      3660.00            ,3662.10             ,540.00              ,3456.84                  ,193900.00               ,6475.00                 ,3626.70
TCS,     08-Dec-2023,     29-Feb-2024,      3678.95,      3689.75,      3652.55,      3685.50,      3683.05            ,3685.50             ,47.00               ,302.60                   ,13300.00                ,1225.00                 ,3626.70
TCS,     11-Dec-2023,     28-Dec-2023,      3638.40,      3661.00,      3634.50,      3653.80,      3651.65            ,3653.80             ,7464.00             ,47660.34                 ,11326700.00             ,-47075.00               ,3642.90
TCS,     11-Dec-2023,     25-Jan-2024,      3660.00,      3679.10,      3652.55,      3670.05,      3667.20            ,3670.05             ,334.00              ,2142.37                  ,207725.00               ,13825.00                ,3642.90
TCS,     11-Dec-2023,     29-Feb-2024,      3685.50,      3697.75,      3677.00,      3685.00,      3685.00            ,3697.20             ,16.00               ,103.23                   ,13825.00                ,525.00                  ,3642.90
TCS,     12-Dec-2023,     28-Dec-2023,      3636.15,      3714.70,      3636.15,      3685.70,      3680.00            ,3685.70             ,14556.00            ,94029.74                 ,10959375.00             ,-367325.00              ,3672.10
TCS,     12-Dec-2023,     25-Jan-2024,      3668.40,      3730.00,      3668.35,      3701.30,      3695.20            ,3701.30             ,997.00              ,6472.08                  ,206325.00               ,-1400.00                ,3672.10
TCS,     12-Dec-2023,     29-Feb-2024,      3704.00,      3752.00,      3698.85,      3727.65,      3723.00            ,3727.65             ,76.00               ,496.37                   ,15750.00                ,1925.00                 ,3672.10
TCS,     13-Dec-2023,     28-Dec-2023,      3670.00,      3670.00,      3586.75,      3616.25,      3619.00            ,3616.25             ,17909.00            ,113472.38                ,10806250.00             ,-153125.00              ,3593.55
TCS,     13-Dec-2023,     25-Jan-2024,      3682.65,      3685.00,      3603.00,      3633.95,      3634.30            ,3633.95             ,2028.00             ,12881.01                 ,335650.00               ,129325.00               ,3593.55
TCS,     13-Dec-2023,     29-Feb-2024,      3700.00,      3700.00,      3630.00,      3658.55,      3660.00            ,3658.55             ,136.00              ,869.46                   ,28175.00                ,12425.00                ,3593.55
TCS,     14-Dec-2023,     28-Dec-2023,      3655.00,      3701.05,      3641.15,      3692.20,      3695.60            ,3692.20             ,18595.00            ,119944.88                ,10909500.00             ,103250.00               ,3667.25
TCS,     14-Dec-2023,     25-Jan-2024,      3665.00,      3716.90,      3656.95,      3710.40,      3712.05            ,3710.40             ,1840.00             ,11920.64                 ,348075.00               ,12425.00                ,3667.25
TCS,     14-Dec-2023,     29-Feb-2024,      3680.00,      3743.00,      3680.00,      3735.10,      3737.15            ,3735.10             ,126.00              ,821.75                   ,29925.00                ,1750.00                 ,3667.25
TCS,     15-Dec-2023,     28-Dec-2023,      3696.05,      3899.25,      3691.05,      3875.50,      3883.10            ,3875.50             ,41932.00            ,280126.87                ,10969350.00             ,59850.00                ,3861.00
TCS,     15-Dec-2023,     25-Jan-2024,      3712.50,      3915.00,      3712.45,      3892.80,      3897.35            ,3892.80             ,4266.00             ,28590.06                 ,384475.00               ,36400.00                ,3861.00
TCS,     15-Dec-2023,     29-Feb-2024,      3744.00,      3935.00,      3744.00,      3919.55,      3932.05            ,3919.55             ,311.00              ,2098.77                  ,28350.00                ,-1575.00                ,3861.00
TCS,     18-Dec-2023,     28-Dec-2023,      3868.40,      3946.85,      3848.65,      3865.90,      3864.70            ,3865.90             ,19510.00            ,132622.93                ,10396050.00             ,-573300.00              ,3859.20
TCS,     18-Dec-2023,     25-Jan-2024,      3885.00,      3962.95,      3865.20,      3885.10,      3884.00            ,3885.10             ,3028.00             ,20678.52                 ,509775.00               ,125300.00               ,3859.20
TCS,     18-Dec-2023,     29-Feb-2024,      3911.55,      3987.60,      3894.15,      3912.00,      3911.45            ,3912.00             ,255.00              ,1753.74                  ,37975.00                ,9625.00                 ,3859.20
TCS,     19-Dec-2023,     28-Dec-2023,      3856.55,      3865.85,      3805.00,      3828.10,      3826.40            ,3828.10             ,13628.00            ,91302.53                 ,10230500.00             ,-165550.00              ,3816.20
TCS,     19-Dec-2023,     25-Jan-2024,      3885.90,      3888.05,      3825.00,      3847.00,      3843.65            ,3847.00             ,2389.00             ,16080.01                 ,618450.00               ,108675.00               ,3816.20
TCS,     19-Dec-2023,     29-Feb-2024,      3894.55,      3895.45,      3855.10,      3876.10,      3878.00            ,3876.10             ,118.00              ,800.49                   ,43400.00                ,5425.00                 ,3816.20
TCS,     20-Dec-2023,     28-Dec-2023,      3842.75,      3914.55,      3782.10,      3795.35,      3790.35            ,3795.35             ,23869.00            ,161082.98                ,10533250.00             ,302750.00               ,3780.05
TCS,     20-Dec-2023,     25-Jan-2024,      3862.50,      3932.00,      3801.40,      3814.00,      3809.25            ,3814.00             ,5493.00             ,37237.47                 ,868525.00               ,250075.00               ,3780.05
TCS,     20-Dec-2023,     29-Feb-2024,      3904.00,      3960.00,      3833.75,      3843.00,      3835.00            ,3843.00             ,219.00              ,1497.12                  ,40600.00                ,-2800.00                ,3780.05